{
    "levels": [
        1,
        2,
        3,
        5,
        7,
        10,
        20,
        30,
        50,
        70,
        100,
        125,
        150,
        175,
        200,
        225,
        250,
        300,
        350,
        400,
        450,
        500,
        550,
        600,
        650,
        700,
        750,
        775,
        800,
        825,
        850,
        875,
        900,
        925,
        950,
        975,
        1000
    ],
    "129_z": {
        "mean": [
            466478.92128472024,
            414590.7537738705,
            384976.04775896086,
            349062.18169609504,
            326235.867175731,
            302603.0863520193,
            257875.7570708178,
            232382.93574311817,
            200974.34869713185,
            180777.05448975167,
            159769.28264375022,
            146569.76433023813,
            135600.15423000086,
            126157.64435544315,
            117843.11108615114,
            110393.3892711418,
            103622.87735751712,
            91612.95834640252,
            81119.14636398114,
            71754.03853551294,
            63278.66237756706,
            55529.8017185593,
            48388.26241190721,
            41762.77757147435,
            35579.55233014253,
            29778.72707175352,
            24314.311972693664,
            21696.548557942933,
            19149.69867287477,
            16670.299630719608,
            14255.379290145978,
            11901.8500051199,
            9606.404171078373,
            7365.544754564331,
            5175.844967997483,
            3034.4400195733333,
            938.6344071375414
        ],
        "std": [
            11678.803322654594,
            10113.704492688223,
            9099.882681618079,
            7914.988219240045,
            7194.0827842722765,
            6460.17966246493,
            5140.068912284681,
            4481.435179035393,
            3882.9573799115733,
            3784.919343211813,
            4143.393613769042,
            4497.769482752825,
            4734.767998881272,
            4845.338646639381,
            4847.314318109092,
            4763.346883773078,
            4616.819180563298,
            4227.219050487021,
            3809.0452912282217,
            3416.146177140718,
            3061.4028299265647,
            2744.226095692447,
            2459.9430263196978,
            2202.889375439882,
            1967.767172510966,
            1751.12607436898,
            1552.003910552666,
            1459.1836845885523,
            1371.1395844749081,
            1288.2444619579571,
            1211.2737079443189,
            1140.989964074002,
            1077.9593580779276,
            1022.6056202032329,
            975.3837574562099,
            936.6553778244637,
            906.1234900602461
        ]
    },
    "130_t": {
        "mean": [
            261.2574919355735,
            257.89246964530395,
            250.5086657485086,
            239.51237342184805,
            233.3358484496807,
            228.56635896066373,
            221.15722005338765,
            216.84710832909096,
            211.31049060162238,
            206.79178054468173,
            204.82289883601277,
            207.74900926099403,
            211.56587536737717,
            215.23197191606192,
            218.6516650084335,
            222.10726426027284,
            225.75004474834273,
            233.41973035948516,
            240.89617635182728,
            247.6251957767124,
            253.49667573153334,
            258.57921388780915,
            263.01275805828305,
            266.90896710352524,
            270.493076900062,
            273.740182020249,
            276.62048930914216,
            277.92481756900844,
            279.1343019242064,
            280.2213047356618,
            281.2006656856282,
            282.14283416410194,
            283.1314876909483,
            284.20855607731636,
            285.39833896078176,
            286.8137781111294,
            288.43726406998144
        ],
        "std": [
            9.22374323207794,
            11.66346349034768,
            11.587437634346456,
            10.441693658821045,
            9.770388682383594,
            9.11135530872322,
            7.771867424737179,
            7.074672075276112,
            7.5363683457763795,
            9.833690096301941,
            11.402452907727362,
            9.626947419433693,
            7.384967499972968,
            5.714209020560952,
            5.330166237662296,
            6.123958089613153,
            7.332716952796743,
            9.408667197790841,
            10.482153581915018,
            10.896765858846397,
            10.994428321597361,
            10.949151579454877,
            10.895172068414237,
            10.938039841238666,
            11.200932370696172,
            11.512819473934202,
            11.786983373958963,
            11.917720242413772,
            12.06107205468393,
            12.213943172797688,
            12.355345806963722,
            12.480424546432108,
            12.612218366191529,
            12.754029518316031,
            12.90077774807443,
            13.122422112643209,
            13.388428070334863
        ]
    },
    "131_u": {
        "mean": [
            8.605874552456461,
            5.525823603049134,
            3.8069906244279803,
            2.0985357258827233,
            1.466698927517225,
            0.7549533336170076,
            0.03847720638913379,
            0.7508072466845509,
            3.4992680377054857,
            6.03045016575969,
            10.159232738032463,
            13.070415804745911,
            14.764895500364668,
            15.545417926119717,
            15.638581185243885,
            15.218977758858575,
            14.479986320535104,
            12.618643454288561,
            10.776070230572252,
            9.1813918214503,
            7.821523283953499,
            6.662184731515545,
            5.656368826737324,
            4.771104359815548,
            3.966729164253695,
            3.209380965973621,
            2.4662907445762916,
            2.1091651498793884,
            1.759289238157143,
            1.4127362382464925,
            1.07449813060971,
            0.7599733009155518,
            0.47088468535572725,
            0.20500918125400744,
            -0.025700483324112212,
            -0.20486702657360822,
            -0.39796913812610657
        ],
        "std": [
            39.94901574015598,
            35.46085710988444,
            32.370465949019376,
            29.030636933865807,
            27.019514458733592,
            25.109889259420843,
            21.270613561943513,
            18.581373929189958,
            14.91215097122028,
            13.335267514394703,
            14.27314771283683,
            15.913527380158271,
            17.31905124673748,
            18.277345656762687,
            18.841901403317472,
            18.9545600886024,
            18.66923565015367,
            17.39873571475442,
            15.849002683289994,
            14.398108825365902,
            13.136516751666544,
            12.051474685911627,
            11.149197552347543,
            10.399848512112742,
            9.773111588797535,
            9.232348144093653,
            8.783862653316826,
            8.592000628711407,
            8.42923868325572,
            8.30203948525121,
            8.209327077904474,
            8.139262034802016,
            8.067309626986129,
            7.930025489550312,
            7.618230154060057,
            7.007579750355265,
            6.147317347609514
        ]
    },