{
    "levels": [
        10,
        30,
        50,
        70,
        100,
        125,
        150,
        175,
        200,
        250,
        300,
        350,
        400,
        450,
        500,
        550,
        600,
        650,
        700,
        750,
        800,
        850,
        875,
        900,
        925,
        950,
        975,
        1000
    ],
    "129_z": [
        7.278259595383876,
        7.278259595383876,
        7.278259595383876,
        7.208294038631138,
        7.105832010526934,
        7.406198266625486,
        7.733078472263481,
        8.588138902964975,
        9.655797886253398,
        11.445419323853327,
        11.940430235984051,
        11.660431242727169,
        11.39326313040813,
        10.910309007630755,
        10.466634173828176,
        9.985368579789277,
        9.546415498089123,
        8.650658951530827,
        7.908583035261196,
        6.3723311549068455,
        5.335838108026708,
        4.580710310406669,
        4.277999098759591,
        4.01281652445951,
        3.803460027752638,
        3.614865419530035,
        3.443081108699773,
        3.28688305566929
    ],
    "130_t": [
        3.4567248015776095,
        3.4567248015776095,
        3.4567248015776095,
        3.6976821340888053,
        4.129459431910861,
        4.629979824095659,
        5.268568483754982,
        5.628612467751084,
        6.041475448746448,
        5.290200528619437,
        4.682748364495391,
        5.163917512272778,
        5.7552946255939705,
        5.726532681354483,
        5.698056781840336,
        5.360146255512899,
        5.0600701036852636,
        4.505572794854042,
        4.060600314174543,
        3.720154952732237,
        3.4323802757909907,
        3.1612214164904358,
        3.0410976953642166,
        2.9297689700534573,
        2.748599215904081,
        2.5885307965789415,
        2.388592694406803,
        2.2173264162009283
    ],
    "131_u": [
        3.313244542046253,
        3.313244542046253,
        3.313244542046253,
        3.441624386863342,
        3.6539992272035793,
        3.8779534204190385,
        4.131152407893349,
        4.5602605834275,
        5.088845596488739,
        5.629800524359585,
        5.5465427409499135,
        5.312886069555734,
        5.098119902170954,
        4.782194839488193,
        4.503140045109088,
        4.237157142768422,
        4.000842967829886,
        3.896220765682927,
        3.796930872898681,
        3.799321268054247,
        3.801714674899388,
        3.9851572875226435,
        4.083681407636643,
        4.187200597687077,
        4.243659303560087,
        4.301661357118495,
        4.0642339364147295,
        3.851644884318105
    ],
    "132_v": [
        3.7281960217467067,
        3.7281960217467067,
        3.7281960217467067,
        3.9372746687775817,
        4.298900636200213,
        4.594261843802474,
        4.933203610313739,
        5.472334544265238,
        6.143762863968695,
        6.700472697727189,
        6.49939688908593,
        6.226304661897907,
        5.975236645681683,
        5.639604854679131,
        5.339672967821869,
        5.026062714214253,
        4.747246893263051,
        4.581038621334129,
        4.426075059585246,
        4.379381757338349,
        4.333663361144412,
        4.517858568450626,
        4.615955349589309,
        4.718406654312226,
        4.799854659263344,
        4.884163926525454,
        4.6189905694352715,
        4.381128264403853
    ],
    "135_w": [
        2.2278402626378577,
        2.2278402626378577,
        2.2278402626378577,
        2.2278402626378577,
        2.2278402626378577,
        2.2482919676879747,
        2.2691226474664137,
        2.2826287939549372,
        2.2962966842442265,
        2.36197137395069,
        2.3407637004015727,
        2.3554084207564956,
        2.370237540822795,
        2.3816141673125917,
        2.393100531201064,
        2.35259339794299,
        2.3134347382854474,
        2.21140642653581,
        2.1179973949679414,
        2.0080920511608897,
        1.9090302548634461,
        1.7985674315635596,
        1.7479950358963396,
        1.7001888639249794,
        1.6374132848748124,
        1.5791083272722717,
        1.587694469022521,
        1.5963744927068622
    ],
    "133_q": [
        0.023507409336890495,
        0.023507409336890495,
        0.023507409336890495,
        0.03501743708880381,
        0.13186810933707133,
        0.20757096000396452,
        0.4873473513180354,
        0.6263945213745201,
        0.8764615331703253,
        1.2253551106116,
        1.4855992499797324,
        1.7854295453286708,
        2.236888377852497,
        2.5059558143679195,
        2.8486044226984863,
        2.9394093388059614,
        3.0361940462431387,
        3.0173881420893616,
        2.998813767910566,
        2.8887079643480114,
        2.786401196881081,
        2.4728950846090427,
        2.3411881373367973,
        2.2228012441437888,
        2.145317150607836,
        2.0730530918673438,
        1.9237668213175818,
        1.7945372450347272
    ],
    "165_10u": 19.87768201609454,
    "166_10v": 21.91391640618214,
    "167_2t": 9.407116089708344,
    "168_2d": 10.428084717866353,
    "151_msl": 20.69994142378426,
    "202_mn2t-6h": 9.407116089708344,
    "45_tcc": 5.0,
    "201_mx2t": 9.407116089708344,
    "142_lsp": 2.5,
    "201_mx2t-6h": 9.407116089708344,
    "142_lsp-6h": 2.5,
    "143_cp-3h": 2.5,
    "logtp": 2.5,
    "202_mn2t-3h": 9.407116089708344,
    "143_cp": 2.5,
    "142_lsp-3h": 2.5,
    "201_mx2t-3h": 9.407116089708344,
    "15_msnswrf": 5.0,
    "143_cp-6h": 2.5,
    "202_mn2t": 9.407116089708344,
    "246_100u": 2.5,
    "247_100v": 2.5
}